"filename", "language", "HTML", "Java Properties", "Java", "JavaScript", "comment", "blank", "total"
"d:\ComputerScienceLearning\JavaLearningForWork\JavaWeb_LearningProject\SpringBootWeb02\.mvn\wrapper\maven-wrapper.properties", "Java Properties", 0, -2, 0, 0, 0, -1, -3
"d:\ComputerScienceLearning\JavaLearningForWork\JavaWeb_LearningProject\SpringBootWeb02\src\main\java\com\itheima\SpringBootWeb02Application.java", "Java", 0, 0, 9, 0, 0, 5, 14
"d:\ComputerScienceLearning\JavaLearningForWork\JavaWeb_LearningProject\SpringBootWeb02\src\main\java\com\itheima\controller\UserController.java", "Java", 0, 0, 27, 0, 11, 9, 47
"d:\ComputerScienceLearning\JavaLearningForWork\JavaWeb_LearningProject\SpringBootWeb02\src\main\java\com\itheima\dao\UserDao.java", "Java", 0, 0, 5, 0, 0, 3, 8
"d:\ComputerScienceLearning\JavaLearningForWork\JavaWeb_LearningProject\SpringBootWeb02\src\main\java\com\itheima\dao\impl\UserDaoImpl.java", "Java", 0, 0, 18, 0, 1, 5, 24
"d:\ComputerScienceLearning\JavaLearningForWork\JavaWeb_LearningProject\SpringBootWeb02\src\main\java\com\itheima\pojo\User.java", "Java", 0, 0, 16, 0, 0, 4, 20
"d:\ComputerScienceLearning\JavaLearningForWork\JavaWeb_LearningProject\SpringBootWeb02\src\main\java\com\itheima\service\UserService.java", "Java", 0, 0, 6, 0, 0, 4, 10
"d:\ComputerScienceLearning\JavaLearningForWork\JavaWeb_LearningProject\SpringBootWeb02\src\main\java\com\itheima\service\impl\UserServiceImpl.java", "Java", 0, 0, 31, 0, 2, 8, 41
"d:\ComputerScienceLearning\JavaLearningForWork\JavaWeb_LearningProject\SpringBootWeb02\src\main\java\com\itheima\service\impl\UserServiceImpl2.java", "Java", 0, 0, 30, 0, 1, 9, 40
"d:\ComputerScienceLearning\JavaLearningForWork\JavaWeb_LearningProject\SpringBootWeb02\src\main\resources\application.properties", "Java Properties", 0, 1, 0, 0, 0, 1, 2
"d:\ComputerScienceLearning\JavaLearningForWork\JavaWeb_LearningProject\SpringBootWeb02\src\main\resources\static\js\vue.esm-browser.js", "JavaScript", 0, 0, 0, 16322, 297, 123, 16742
"d:\ComputerScienceLearning\JavaLearningForWork\JavaWeb_LearningProject\SpringBootWeb02\src\main\resources\static\user.html", "HTML", 78, 0, 0, 0, 2, 1, 81
"d:\ComputerScienceLearning\JavaLearningForWork\JavaWeb_LearningProject\SpringBootWeb02\src\test\java\com\itheima\SpringBootWeb02ApplicationTests.java", "Java", 0, 0, 9, 0, 0, 5, 14
"Total", "-", 78, -1, 151, 16322, 314, 176, 17040